{"metadata":{"asset_id":"e32d9e64-8cd6-494d-a104-751bdd9111d0","asset_attributes":["notebook"],"name":"Interactive Visuals analytics with folium lab","asset_type":"notebook","created_at":"2022-07-24T04:33:29Z","description":"","origin_country":"us","owner_id":"IBMid-661003JWGE","project_id":"02c01066-500e-4589-a80a-06da235cb901","size":42543,"tags":["notebook"],"usage":{"last_update_time":1658638688854,"last_updated_at":"2022-07-24T04:58:08Z"}},"entity":{"notebook":{"kernel":{"name":"python3","display_name":"Python 3.9","language":"python"},"originates_from":{"type":"blank"},"runtime":{"environment":"conda2rt221-02c01066-500e-4589-a80a-06da235cb901"}}},"attachments":[{"id":"d3ec4a2e-486f-42bd-966e-7294ea280d9c","version":2,"asset_type":"notebook","name":"attachment for notebook e32d9e64-8cd6-494d-a104-751bdd9111d0","description":"attachment for notebook e32d9e64-8cd6-494d-a104-751bdd9111d0","mime":"application/json","datasource_type":"193a97c1-4475-4a19-b90c-295c4fdc6517","object_key":"notebook/Interactive_Visuals_analytics_with_folium_lab_m135BvkQb.ipynb","creator_id":"IBMid-661003JWGE","create_time":1658637210054,"size":42543,"is_remote":false,"is_managed":false,"is_referenced":true,"is_object_key_read_only":false,"is_user_provided_path_key":true,"transfer_complete":true,"is_partitioned":false,"complete_time_ticks":1658637210054,"user_data":{},"test_doc":0,"handle":{"bucket":"pythonbasicsfordatascienceproject-donotdelete-pr-nrafclabmuvhxu","location":"eu-geo","key":"notebook/Interactive_Visuals_analytics_with_folium_lab_m135BvkQb.ipynb","upload_id":"done","max_part_num":1},"usage":{"access_count":11,"last_accessor_id":"IBMid-661003JWGE","last_access_time":1658638688851,"last_updater_id":"IBMid-661003JWGE","last_update_time":1658638688851}}]}
