{"metadata":{"asset_id":"cbb3b268-b517-4264-8788-cee47f8a4570","asset_attributes":["notebook"],"name":"EDA with data Visualization","asset_type":"notebook","created_at":"2022-07-22T11:14:51Z","description":"","origin_country":"us","owner_id":"IBMid-661003JWGE","project_id":"02c01066-500e-4589-a80a-06da235cb901","size":206007,"tags":["notebook"],"usage":{"last_update_time":1658489830365,"last_updated_at":"2022-07-22T11:37:10Z"}},"entity":{"notebook":{"kernel":{"name":"python3","display_name":"Python 3.9","language":"python"},"originates_from":{"type":"blank"},"runtime":{"environment":"conda2rt221-02c01066-500e-4589-a80a-06da235cb901"}}},"attachments":[{"id":"bb3fa621-5d3a-4b29-b077-edf8dc9d388f","version":2,"asset_type":"notebook","name":"attachment for notebook cbb3b268-b517-4264-8788-cee47f8a4570","description":"attachment for notebook cbb3b268-b517-4264-8788-cee47f8a4570","mime":"application/json","datasource_type":"193a97c1-4475-4a19-b90c-295c4fdc6517","object_key":"notebook/EDA_with_data_Visualization_XPaIjCvUr.ipynb","creator_id":"IBMid-661003JWGE","create_time":1658488492779,"size":206007,"is_remote":false,"is_managed":false,"is_referenced":true,"is_object_key_read_only":false,"is_user_provided_path_key":true,"transfer_complete":true,"is_partitioned":false,"complete_time_ticks":1658488492779,"user_data":{},"test_doc":0,"handle":{"bucket":"pythonbasicsfordatascienceproject-donotdelete-pr-nrafclabmuvhxu","location":"eu-geo","key":"notebook/EDA_with_data_Visualization_XPaIjCvUr.ipynb","upload_id":"done","max_part_num":1},"usage":{"access_count":11,"last_accessor_id":"IBMid-661003JWGE","last_access_time":1658489830363,"last_updater_id":"IBMid-661003JWGE","last_update_time":1658489830363}}]}
