{"metadata":{"asset_id":"8523e2b3-a500-4c92-8ac9-120badf33b44","asset_attributes":["notebook"],"name":"Data collection with web scrapping","asset_type":"notebook","created_at":"2022-07-22T07:04:27Z","description":"","origin_country":"us","owner_id":"IBMid-661003JWGE","project_id":"02c01066-500e-4589-a80a-06da235cb901","size":40837,"tags":["notebook"],"usage":{"last_update_time":1658474322144,"last_updated_at":"2022-07-22T07:18:42Z"}},"entity":{"notebook":{"kernel":{"name":"python3","display_name":"Python 3.9","language":"python"},"originates_from":{"type":"blank"},"runtime":{"environment":"conda2rt221-02c01066-500e-4589-a80a-06da235cb901"}}},"attachments":[{"id":"adb85a9a-b0d3-4d88-b86c-c1d2a8b2de3f","version":2,"asset_type":"notebook","name":"attachment for notebook 8523e2b3-a500-4c92-8ac9-120badf33b44","description":"attachment for notebook 8523e2b3-a500-4c92-8ac9-120badf33b44","mime":"application/json","datasource_type":"193a97c1-4475-4a19-b90c-295c4fdc6517","object_key":"notebook/Data_collection_with_web_scrapping_c8_acRArG.ipynb","creator_id":"IBMid-661003JWGE","create_time":1658473468307,"size":40837,"is_remote":false,"is_managed":false,"is_referenced":true,"is_object_key_read_only":false,"is_user_provided_path_key":true,"transfer_complete":true,"is_partitioned":false,"complete_time_ticks":1658473468307,"user_data":{},"test_doc":0,"handle":{"bucket":"pythonbasicsfordatascienceproject-donotdelete-pr-nrafclabmuvhxu","location":"eu-geo","key":"notebook/Data_collection_with_web_scrapping_c8_acRArG.ipynb","upload_id":"done","max_part_num":1},"usage":{"access_count":7,"last_accessor_id":"IBMid-661003JWGE","last_access_time":1658474322142,"last_updater_id":"IBMid-661003JWGE","last_update_time":1658474322142}}]}
