{"metadata":{"asset_id":"afcab7ec-434e-49f0-8eb5-36a9c6989b85","asset_attributes":["notebook"],"name":"Data wrangling EDA","asset_type":"notebook","created_at":"2022-07-22T07:36:20Z","description":"","origin_country":"us","owner_id":"IBMid-661003JWGE","project_id":"02c01066-500e-4589-a80a-06da235cb901","size":33396,"tags":["notebook"],"usage":{"last_update_time":1658476355268,"last_updated_at":"2022-07-22T07:52:35Z"}},"entity":{"notebook":{"kernel":{"name":"python3","display_name":"Python 3.9","language":"python"},"originates_from":{"type":"blank"},"runtime":{"environment":"conda2rt221-02c01066-500e-4589-a80a-06da235cb901"}}},"attachments":[{"id":"97cf1ff6-cb0b-49da-a284-48d6349396f8","version":2,"asset_type":"notebook","name":"attachment for notebook afcab7ec-434e-49f0-8eb5-36a9c6989b85","description":"attachment for notebook afcab7ec-434e-49f0-8eb5-36a9c6989b85","mime":"application/json","datasource_type":"193a97c1-4475-4a19-b90c-295c4fdc6517","object_key":"notebook/Data_wrangling_EDA_vTFCX2SP2.ipynb","creator_id":"IBMid-661003JWGE","create_time":1658475380940,"size":33396,"is_remote":false,"is_managed":false,"is_referenced":true,"is_object_key_read_only":false,"is_user_provided_path_key":true,"transfer_complete":true,"is_partitioned":false,"complete_time_ticks":1658475380940,"user_data":{},"test_doc":0,"handle":{"bucket":"pythonbasicsfordatascienceproject-donotdelete-pr-nrafclabmuvhxu","location":"eu-geo","key":"notebook/Data_wrangling_EDA_vTFCX2SP2.ipynb","upload_id":"done","max_part_num":1},"usage":{"access_count":8,"last_accessor_id":"IBMid-661003JWGE","last_access_time":1658476355267,"last_updater_id":"IBMid-661003JWGE","last_update_time":1658476355267}}]}
