{"metadata":{"asset_id":"054ff362-89df-4c26-8d26-7e70c70d759d","asset_attributes":["notebook"],"name":"EDA with  SQL","asset_type":"notebook","created_at":"2022-07-22T09:51:12Z","description":"","origin_country":"us","owner_id":"IBMid-661003JWGE","project_id":"02c01066-500e-4589-a80a-06da235cb901","size":25729,"tags":["notebook"],"usage":{"last_update_time":1658487985855,"last_updated_at":"2022-07-22T11:06:25Z"}},"entity":{"notebook":{"kernel":{"name":"python3","display_name":"Python 3.9","language":"python"},"originates_from":{"type":"blank"},"runtime":{"environment":"conda2rt221-02c01066-500e-4589-a80a-06da235cb901"}}},"attachments":[{"id":"723214bd-0c58-41f6-b260-f757b100d4f3","version":2,"asset_type":"notebook","name":"attachment for notebook 054ff362-89df-4c26-8d26-7e70c70d759d","description":"attachment for notebook 054ff362-89df-4c26-8d26-7e70c70d759d","mime":"application/json","datasource_type":"193a97c1-4475-4a19-b90c-295c4fdc6517","object_key":"notebook/EDA_with__SQL_JfK0KRsZm.ipynb","creator_id":"IBMid-661003JWGE","create_time":1658483473103,"size":25729,"is_remote":false,"is_managed":false,"is_referenced":true,"is_object_key_read_only":false,"is_user_provided_path_key":true,"transfer_complete":true,"is_partitioned":false,"complete_time_ticks":1658483473103,"user_data":{},"test_doc":0,"handle":{"bucket":"pythonbasicsfordatascienceproject-donotdelete-pr-nrafclabmuvhxu","location":"eu-geo","key":"notebook/EDA_with__SQL_JfK0KRsZm.ipynb","upload_id":"done","max_part_num":1},"usage":{"access_count":13,"last_accessor_id":"IBMid-661003JWGE","last_access_time":1658487985854,"last_updater_id":"IBMid-661003JWGE","last_update_time":1658487985854}}]}
